{"weight1": [[-5.94711928337057]], "bias0": [[-33.09027182595063]], "weight0": [[1.1516732973960404], [0.22938799974521837]], "linear": [[0.9822126109452142], [-0.002969279756398571]], "bias1": [-0.0003150713941643304]}