{"weight1": [[-1.3110652965288396]], "bias0": [[-0.08546230663864822]], "weight0": [[-0.25137537823271977], [0.3758300353936346]], "linear": [[0.9716385457482799], [0.05290346687360485]], "bias1": [0.5801832166151155]}