{"weight1": [[-85.42274125502885]], "bias0": [[0.5207777905970564]], "weight0": [[0.07101310112269706], [0.03272556278185734]], "linear": [[2.717514615255629], [0.6809613494652785]], "bias1": [53.36051178558068]}