{"linear": [[1.351131665617136], [0.3092572857307006]], "bias0": [[0.35350208649337184]], "weight1": [[-71.52167143338721]], "weight0": [[0.07792622714997255], [0.018673718134726215]], "bias1": [42.15762041964422]}