{"linear": [[0.3154746330477263], [0.5465851535400563]], "bias0": [[-1.463389836641389]], "weight1": [[55.080517598837766]], "weight0": [[-0.01770330123357257], [-0.05202748266613832]], "bias1": [-10.549184058547066]}