{"weight1": [[191.86098746380927]], "bias0": [[-0.6402121156461942]], "weight0": [[-0.03447643327003523], [-0.03628703202247395]], "linear": [[2.7554766328923135], [1.7187921505732917]], "bias1": [-66.31998186576126]}