{"weight1": [[-0.8061658396727762]], "bias0": [[-2.622302489598053]], "weight0": [[-0.11086226862390329], [0.46263204170486655]], "linear": [[0.925458263512466], [0.008309558153401684]], "bias1": [0.1435042653474914]}