{"weight1": [[238.77905607986628]], "bias0": [[-0.6374840539360607]], "weight0": [[-0.035096650099635404], [-0.035582565038668974]], "linear": [[3.16406394009436], [2.0997458007453162]], "bias1": [-83.0489778762533]}