{"weight1": [[44.968954689385434]], "bias0": [[-4.09800414769575]], "weight0": [[-0.08909466371489073], [-0.1451607708519137]], "linear": [[1.7328908662038314], [0.3145166296103559]], "bias1": [-1.785702721183669]}