{"weight1": [[64.71501383887434]], "bias0": [[-0.4897665590810768]], "weight0": [[-0.09403917651958327], [0.02462699699114152]], "linear": [[2.546238670976773], [-0.3411661690886313]], "bias1": [-24.82675961339972]}